"keyword","period","searchVolume"
"리처드 세라","2021-01-24","0"
"리처드 세라","2021-01-25","0"
"리처드 세라","2021-01-26","0"
"리처드 세라","2021-01-27","10"
"리처드 세라","2021-01-28","0"
"리처드 세라","2021-01-29","0"
"리처드 세라","2021-01-30","0"
"리처드 세라","2021-01-31","0"
"리처드 세라","2021-02-01","0"
"리처드 세라","2021-02-02","0"
"리처드 세라","2021-02-03","0"
"리처드 세라","2021-02-04","0"
"리처드 세라","2021-02-05","10"
"리처드 세라","2021-02-06","0"
"리처드 세라","2021-02-07","0"
"리처드 세라","2021-02-08","10"
"리처드 세라","2021-02-09","0"
"리처드 세라","2021-02-10","0"
"리처드 세라","2021-02-11","0"
"리처드 세라","2021-02-12","0"
"리처드 세라","2021-02-13","10"
"리처드 세라","2021-02-14","10"
"리처드 세라","2021-02-15","10"
"리처드 세라","2021-02-16","10"
"리처드 세라","2021-02-17","0"
"리처드 세라","2021-02-18","0"
"리처드 세라","2021-02-19","0"
"리처드 세라","2021-02-20","0"
"리처드 세라","2021-02-21","0"
"리처드 세라","2021-02-22","0"
"리처드 세라","2021-02-23","10"
"리처드 세라","2021-02-24","0"
"리처드 세라","2021-02-25","0"
"리처드 세라","2021-02-26","0"
"리처드 세라","2021-02-27","0"
"리처드 세라","2021-02-28","0"
"리처드 세라","2021-03-01","0"
"리처드 세라","2021-03-02","20"
"리처드 세라","2021-03-03","0"
"리처드 세라","2021-03-04","0"
"리처드 세라","2021-03-05","10"
"리처드 세라","2021-03-06","30"
"리처드 세라","2021-03-07","20"
"리처드 세라","2021-03-08","10"
"리처드 세라","2021-03-09","30"
"리처드 세라","2021-03-10","20"
"리처드 세라","2021-03-11","0"
"리처드 세라","2021-03-12","10"
"리처드 세라","2021-03-13","0"
"리처드 세라","2021-03-14","0"
"리처드 세라","2021-03-15","10"
"리처드 세라","2021-03-16","20"
"리처드 세라","2021-03-17","20"
"리처드 세라","2021-03-18","20"
"리처드 세라","2021-03-19","10"
"리처드 세라","2021-03-20","0"
"리처드 세라","2021-03-21","10"
"리처드 세라","2021-03-22","20"
"리처드 세라","2021-03-23","20"
"리처드 세라","2021-03-24","20"
"리처드 세라","2021-03-25","10"
"리처드 세라","2021-03-26","20"
"리처드 세라","2021-03-27","0"
"리처드 세라","2021-03-28","0"
"리처드 세라","2021-03-29","10"
"리처드 세라","2021-03-30","10"
"리처드 세라","2021-03-31","0"
"리처드 세라","2021-04-01","20"
"리처드 세라","2021-04-02","10"
"리처드 세라","2021-04-03","10"
"리처드 세라","2021-04-04","10"
"리처드 세라","2021-04-05","20"
"리처드 세라","2021-04-06","10"
"리처드 세라","2021-04-07","0"
"리처드 세라","2021-04-08","20"
"리처드 세라","2021-04-09","20"
"리처드 세라","2021-04-10","10"
"리처드 세라","2021-04-11","0"
"리처드 세라","2021-04-12","20"
"리처드 세라","2021-04-13","30"
"리처드 세라","2021-04-14","20"
"리처드 세라","2021-04-15","30"
"리처드 세라","2021-04-16","10"
"리처드 세라","2021-04-17","10"
"리처드 세라","2021-04-18","10"
"리처드 세라","2021-04-19","30"
"리처드 세라","2021-04-20","50"
"리처드 세라","2021-04-21","20"
"리처드 세라","2021-04-22","20"
"리처드 세라","2021-04-23","0"
"리처드 세라","2021-04-24","10"
"리처드 세라","2021-04-25","0"
"리처드 세라","2021-04-26","20"
"리처드 세라","2021-04-27","10"
"리처드 세라","2021-04-28","10"
"리처드 세라","2021-04-29","10"
"리처드 세라","2021-04-30","0"
"리처드 세라","2021-05-01","0"
"리처드 세라","2021-05-02","10"
"리처드 세라","2021-05-03","30"
"리처드 세라","2021-05-04","0"
"리처드 세라","2021-05-05","20"
"리처드 세라","2021-05-06","20"
"리처드 세라","2021-05-07","10"
"리처드 세라","2021-05-08","20"
"리처드 세라","2021-05-09","10"
"리처드 세라","2021-05-10","0"
"리처드 세라","2021-05-11","0"
"리처드 세라","2021-05-12","0"
"리처드 세라","2021-05-13","20"
"리처드 세라","2021-05-14","20"
"리처드 세라","2021-05-15","20"
"리처드 세라","2021-05-16","0"
"리처드 세라","2021-05-17","20"
"리처드 세라","2021-05-18","0"
"리처드 세라","2021-05-19","0"
"리처드 세라","2021-05-20","20"
"리처드 세라","2021-05-21","0"
"리처드 세라","2021-05-22","0"
"리처드 세라","2021-05-23","0"
"리처드 세라","2021-05-24","20"
"리처드 세라","2021-05-25","30"
"리처드 세라","2021-05-26","20"
"리처드 세라","2021-05-27","30"
"리처드 세라","2021-05-28","30"
"리처드 세라","2021-05-29","20"
"리처드 세라","2021-05-30","40"
"리처드 세라","2021-05-31","80"
"리처드 세라","2021-06-01","30"
"리처드 세라","2021-06-02","20"
"리처드 세라","2021-06-03","30"
"리처드 세라","2021-06-04","20"
"리처드 세라","2021-06-05","30"
"리처드 세라","2021-06-06","60"
"리처드 세라","2021-06-07","20"
"리처드 세라","2021-06-08","40"
"리처드 세라","2021-06-09","40"
"리처드 세라","2021-06-10","40"
"리처드 세라","2021-06-11","10"
"리처드 세라","2021-06-12","10"
"리처드 세라","2021-06-13","10"
"리처드 세라","2021-06-14","20"
"리처드 세라","2021-06-15","20"
"리처드 세라","2021-06-16","10"
"리처드 세라","2021-06-17","20"
"리처드 세라","2021-06-18","10"
"리처드 세라","2021-06-19","0"
"리처드 세라","2021-06-20","10"
"리처드 세라","2021-06-21","0"
"리처드 세라","2021-06-22","10"
"리처드 세라","2021-06-23","10"
"리처드 세라","2021-06-24","10"
"리처드 세라","2021-06-25","0"
"리처드 세라","2021-06-26","0"
"리처드 세라","2021-06-27","0"
"리처드 세라","2021-06-28","10"
"리처드 세라","2021-06-29","0"
"리처드 세라","2021-06-30","0"
"리처드 세라","2021-07-01","0"
"리처드 세라","2021-07-02","0"
"리처드 세라","2021-07-03","10"
"리처드 세라","2021-07-04","0"
"리처드 세라","2021-07-05","0"
"리처드 세라","2021-07-06","0"
"리처드 세라","2021-07-07","0"
"리처드 세라","2021-07-08","0"
"리처드 세라","2021-07-09","0"
"리처드 세라","2021-07-10","10"
"리처드 세라","2021-07-11","0"
"리처드 세라","2021-07-12","20"
"리처드 세라","2021-07-13","0"
"리처드 세라","2021-07-14","0"
"리처드 세라","2021-07-15","0"
"리처드 세라","2021-07-16","0"
"리처드 세라","2021-07-17","0"
"리처드 세라","2021-07-18","0"
"리처드 세라","2021-07-19","0"
"리처드 세라","2021-07-20","10"
"리처드 세라","2021-07-21","10"
"리처드 세라","2021-07-22","0"
"리처드 세라","2021-07-23","0"
"리처드 세라","2021-07-24","0"
"리처드 세라","2021-07-25","0"
"리처드 세라","2021-07-26","0"
"리처드 세라","2021-07-27","0"
"리처드 세라","2021-07-28","0"
"리처드 세라","2021-07-29","0"
"리처드 세라","2021-07-30","10"
"리처드 세라","2021-07-31","0"
"리처드 세라","2021-08-01","10"
"리처드 세라","2021-08-02","10"
"리처드 세라","2021-08-03","0"
"리처드 세라","2021-08-04","0"
"리처드 세라","2021-08-05","0"
"리처드 세라","2021-08-06","10"
"리처드 세라","2021-08-07","0"
"리처드 세라","2021-08-08","0"
"리처드 세라","2021-08-09","0"
"리처드 세라","2021-08-10","0"
"리처드 세라","2021-08-11","0"
"리처드 세라","2021-08-12","10"
"리처드 세라","2021-08-13","0"
"리처드 세라","2021-08-14","0"
"리처드 세라","2021-08-15","0"
"리처드 세라","2021-08-16","0"
"리처드 세라","2021-08-17","0"
"리처드 세라","2021-08-18","10"
"리처드 세라","2021-08-19","0"
"리처드 세라","2021-08-20","10"
"리처드 세라","2021-08-21","0"
"리처드 세라","2021-08-22","0"
"리처드 세라","2021-08-23","0"
"리처드 세라","2021-08-24","10"
"리처드 세라","2021-08-25","10"
"리처드 세라","2021-08-26","10"
"리처드 세라","2021-08-27","0"
"리처드 세라","2021-08-28","0"
"리처드 세라","2021-08-29","0"
"리처드 세라","2021-08-30","0"
"리처드 세라","2021-08-31","10"
"리처드 세라","2021-09-01","10"
"리처드 세라","2021-09-02","10"
"리처드 세라","2021-09-03","0"
"리처드 세라","2021-09-04","10"
"리처드 세라","2021-09-05","10"
"리처드 세라","2021-09-06","20"
"리처드 세라","2021-09-07","10"
"리처드 세라","2021-09-08","30"
"리처드 세라","2021-09-09","10"
"리처드 세라","2021-09-10","10"
"리처드 세라","2021-09-11","10"
"리처드 세라","2021-09-12","20"
"리처드 세라","2021-09-13","30"
"리처드 세라","2021-09-14","0"
"리처드 세라","2021-09-15","20"
"리처드 세라","2021-09-16","10"
"리처드 세라","2021-09-17","20"
"리처드 세라","2021-09-18","0"
"리처드 세라","2021-09-19","10"
"리처드 세라","2021-09-20","0"
"리처드 세라","2021-09-21","10"
"리처드 세라","2021-09-22","20"
"리처드 세라","2021-09-23","10"
"리처드 세라","2021-09-24","20"
"리처드 세라","2021-09-25","10"
"리처드 세라","2021-09-26","0"
"리처드 세라","2021-09-27","20"
"리처드 세라","2021-09-28","20"
"리처드 세라","2021-09-29","20"
"리처드 세라","2021-09-30","0"
"리처드 세라","2021-10-01","10"
"리처드 세라","2021-10-02","10"
"리처드 세라","2021-10-03","20"
"리처드 세라","2021-10-04","30"
"리처드 세라","2021-10-05","20"
"리처드 세라","2021-10-06","10"
"리처드 세라","2021-10-07","10"
"리처드 세라","2021-10-08","20"
"리처드 세라","2021-10-09","10"
"리처드 세라","2021-10-10","30"
"리처드 세라","2021-10-11","30"
"리처드 세라","2021-10-12","40"
"리처드 세라","2021-10-13","20"
"리처드 세라","2021-10-14","20"
"리처드 세라","2021-10-15","20"
"리처드 세라","2021-10-16","0"
"리처드 세라","2021-10-17","10"
"리처드 세라","2021-10-18","40"
"리처드 세라","2021-10-19","30"
"리처드 세라","2021-10-20","30"
"리처드 세라","2021-10-21","20"
"리처드 세라","2021-10-22","20"
"리처드 세라","2021-10-23","20"
"리처드 세라","2021-10-24","20"
"리처드 세라","2021-10-25","20"
"리처드 세라","2021-10-26","20"
"리처드 세라","2021-10-27","30"
"리처드 세라","2021-10-28","10"
"리처드 세라","2021-10-29","20"
"리처드 세라","2021-10-30","10"
"리처드 세라","2021-10-31","0"
"리처드 세라","2021-11-01","20"
"리처드 세라","2021-11-02","0"
"리처드 세라","2021-11-03","20"
"리처드 세라","2021-11-04","30"
"리처드 세라","2021-11-05","30"
"리처드 세라","2021-11-06","10"
"리처드 세라","2021-11-07","10"
"리처드 세라","2021-11-08","30"
"리처드 세라","2021-11-09","20"
"리처드 세라","2021-11-10","10"
"리처드 세라","2021-11-11","30"
"리처드 세라","2021-11-12","20"
"리처드 세라","2021-11-13","0"
"리처드 세라","2021-11-14","10"
"리처드 세라","2021-11-15","10"
"리처드 세라","2021-11-16","20"
"리처드 세라","2021-11-17","20"
"리처드 세라","2021-11-18","0"
"리처드 세라","2021-11-19","30"
"리처드 세라","2021-11-20","20"
"리처드 세라","2021-11-21","20"
"리처드 세라","2021-11-22","10"
"리처드 세라","2021-11-23","30"
"리처드 세라","2021-11-24","40"
"리처드 세라","2021-11-25","30"
"리처드 세라","2021-11-26","30"
"리처드 세라","2021-11-27","30"
"리처드 세라","2021-11-28","20"
"리처드 세라","2021-11-29","20"
"리처드 세라","2021-11-30","30"
"리처드 세라","2021-12-01","30"
"리처드 세라","2021-12-02","20"
"리처드 세라","2021-12-03","20"
"리처드 세라","2021-12-04","20"
"리처드 세라","2021-12-05","20"
"리처드 세라","2021-12-06","10"
"리처드 세라","2021-12-07","10"
"리처드 세라","2021-12-08","20"
"리처드 세라","2021-12-09","20"
"리처드 세라","2021-12-10","10"
"리처드 세라","2021-12-11","70"
"리처드 세라","2021-12-12","20"
"리처드 세라","2021-12-13","20"
"리처드 세라","2021-12-14","20"
"리처드 세라","2021-12-15","10"
"리처드 세라","2021-12-16","20"
"리처드 세라","2021-12-17","30"
"리처드 세라","2021-12-18","0"
"리처드 세라","2021-12-19","10"
"리처드 세라","2021-12-20","20"
"리처드 세라","2021-12-21","20"
"리처드 세라","2021-12-22","0"
"리처드 세라","2021-12-23","0"
"리처드 세라","2021-12-24","10"
"리처드 세라","2021-12-25","0"
"리처드 세라","2021-12-26","10"
"리처드 세라","2021-12-27","0"
"리처드 세라","2021-12-28","0"
"리처드 세라","2021-12-29","0"
"리처드 세라","2021-12-30","10"
"리처드 세라","2021-12-31","0"
"리처드 세라","2022-01-01","10"
"리처드 세라","2022-01-02","0"
"리처드 세라","2022-01-03","0"
"리처드 세라","2022-01-04","20"
"리처드 세라","2022-01-05","10"
"리처드 세라","2022-01-06","0"
"리처드 세라","2022-01-07","0"
"리처드 세라","2022-01-08","10"
"리처드 세라","2022-01-09","10"
"리처드 세라","2022-01-10","10"
"리처드 세라","2022-01-11","10"
"리처드 세라","2022-01-12","10"
"리처드 세라","2022-01-13","10"
"리처드 세라","2022-01-14","10"
"리처드 세라","2022-01-15","0"
"리처드 세라","2022-01-16","10"
"리처드 세라","2022-01-17","10"
"리처드 세라","2022-01-18","20"
"리처드 세라","2022-01-19","10"
"리처드 세라","2022-01-20","0"
"리처드 세라","2022-01-21","0"
"리처드 세라","2022-01-22","0"
"리처드 세라","2022-01-23","0"
"리처드 세라","2022-01-24","0"
"리처드 세라","2022-01-25","10"
"리처드 세라","2022-01-26","0"
"리처드 세라","2022-01-27","0"
"리처드 세라","2022-01-28","0"
"리처드 세라","2022-01-29","10"
"리처드 세라","2022-01-30","0"
"리처드 세라","2022-01-31","0"
"리처드 세라","2022-02-01","0"
"리처드 세라","2022-02-02","10"
"리처드 세라","2022-02-03","0"
"리처드 세라","2022-02-04","0"
"리처드 세라","2022-02-05","10"
"리처드 세라","2022-02-06","0"
"리처드 세라","2022-02-07","0"
"리처드 세라","2022-02-08","0"
"리처드 세라","2022-02-09","10"
"리처드 세라","2022-02-10","0"
"리처드 세라","2022-02-11","0"
"리처드 세라","2022-02-12","10"
"리처드 세라","2022-02-13","0"
"리처드 세라","2022-02-14","0"
"리처드 세라","2022-02-15","10"
"리처드 세라","2022-02-16","20"
"리처드 세라","2022-02-17","10"
"리처드 세라","2022-02-18","0"
"리처드 세라","2022-02-19","10"
"리처드 세라","2022-02-20","10"
"리처드 세라","2022-02-21","0"
"리처드 세라","2022-02-22","0"
"리처드 세라","2022-02-23","0"
"리처드 세라","2022-02-24","0"
"리처드 세라","2022-02-25","0"
"리처드 세라","2022-02-26","0"
"리처드 세라","2022-02-27","0"
"리처드 세라","2022-02-28","0"
"리처드 세라","2022-03-01","0"
"리처드 세라","2022-03-02","20"
"리처드 세라","2022-03-03","0"
"리처드 세라","2022-03-04","0"
"리처드 세라","2022-03-05","20"
"리처드 세라","2022-03-06","0"
"리처드 세라","2022-03-07","0"
"리처드 세라","2022-03-08","20"
"리처드 세라","2022-03-09","10"
"리처드 세라","2022-03-10","20"
"리처드 세라","2022-03-11","20"
"리처드 세라","2022-03-12","20"
"리처드 세라","2022-03-13","0"
"리처드 세라","2022-03-14","30"
"리처드 세라","2022-03-15","10"
"리처드 세라","2022-03-16","20"
"리처드 세라","2022-03-17","20"
"리처드 세라","2022-03-18","20"
"리처드 세라","2022-03-19","20"
"리처드 세라","2022-03-20","10"
"리처드 세라","2022-03-21","30"
"리처드 세라","2022-03-22","10"
"리처드 세라","2022-03-23","10"
"리처드 세라","2022-03-24","10"
"리처드 세라","2022-03-25","0"
"리처드 세라","2022-03-26","10"
"리처드 세라","2022-03-27","10"
"리처드 세라","2022-03-28","10"
"리처드 세라","2022-03-29","10"
"리처드 세라","2022-03-30","0"
"리처드 세라","2022-03-31","10"
"리처드 세라","2022-04-01","0"
"리처드 세라","2022-04-02","0"
"리처드 세라","2022-04-03","10"
"리처드 세라","2022-04-04","10"
"리처드 세라","2022-04-05","30"
"리처드 세라","2022-04-06","30"
"리처드 세라","2022-04-07","20"
"리처드 세라","2022-04-08","20"
"리처드 세라","2022-04-09","20"
"리처드 세라","2022-04-10","0"
"리처드 세라","2022-04-11","20"
"리처드 세라","2022-04-12","20"
"리처드 세라","2022-04-13","20"
"리처드 세라","2022-04-14","20"
"리처드 세라","2022-04-15","20"
"리처드 세라","2022-04-16","0"
"리처드 세라","2022-04-17","0"
"리처드 세라","2022-04-18","20"
"리처드 세라","2022-04-19","20"
"리처드 세라","2022-04-20","30"
"리처드 세라","2022-04-21","30"
"리처드 세라","2022-04-22","20"
"리처드 세라","2022-04-23","0"
"리처드 세라","2022-04-24","20"
"리처드 세라","2022-04-25","0"
"리처드 세라","2022-04-26","20"
"리처드 세라","2022-04-27","10"
"리처드 세라","2022-04-28","0"
"리처드 세라","2022-04-29","20"
"리처드 세라","2022-04-30","10"
"리처드 세라","2022-05-01","10"
"리처드 세라","2022-05-02","30"
"리처드 세라","2022-05-03","10"
"리처드 세라","2022-05-04","20"
"리처드 세라","2022-05-05","0"
"리처드 세라","2022-05-06","0"
"리처드 세라","2022-05-07","10"
"리처드 세라","2022-05-08","20"
"리처드 세라","2022-05-09","20"
"리처드 세라","2022-05-10","10"
"리처드 세라","2022-05-11","20"
"리처드 세라","2022-05-12","20"
"리처드 세라","2022-05-13","0"
"리처드 세라","2022-05-14","0"
"리처드 세라","2022-05-15","10"
"리처드 세라","2022-05-16","10"
"리처드 세라","2022-05-17","20"
"리처드 세라","2022-05-18","50"
"리처드 세라","2022-05-19","10"
"리처드 세라","2022-05-20","20"
"리처드 세라","2022-05-21","0"
"리처드 세라","2022-05-22","20"
"리처드 세라","2022-05-23","20"
"리처드 세라","2022-05-24","20"
"리처드 세라","2022-05-25","20"
"리처드 세라","2022-05-26","10"
"리처드 세라","2022-05-27","20"
"리처드 세라","2022-05-28","30"
"리처드 세라","2022-05-29","80"
"리처드 세라","2022-05-30","30"
"리처드 세라","2022-05-31","40"
"리처드 세라","2022-06-01","80"
"리처드 세라","2022-06-02","20"
"리처드 세라","2022-06-03","10"
"리처드 세라","2022-06-04","10"
"리처드 세라","2022-06-05","0"
"리처드 세라","2022-06-06","20"
"리처드 세라","2022-06-07","30"
"리처드 세라","2022-06-08","20"
"리처드 세라","2022-06-09","0"
"리처드 세라","2022-06-10","0"
"리처드 세라","2022-06-11","20"
"리처드 세라","2022-06-12","10"
"리처드 세라","2022-06-13","30"
"리처드 세라","2022-06-14","10"
"리처드 세라","2022-06-15","10"
"리처드 세라","2022-06-16","20"
"리처드 세라","2022-06-17","30"
"리처드 세라","2022-06-18","10"
"리처드 세라","2022-06-19","10"
"리처드 세라","2022-06-20","20"
"리처드 세라","2022-06-21","10"
"리처드 세라","2022-06-22","20"
"리처드 세라","2022-06-23","20"
"리처드 세라","2022-06-24","20"
"리처드 세라","2022-06-25","10"
"리처드 세라","2022-06-26","0"
"리처드 세라","2022-06-27","20"
"리처드 세라","2022-06-28","0"
"리처드 세라","2022-06-29","10"
"리처드 세라","2022-06-30","20"
"리처드 세라","2022-07-01","10"
"리처드 세라","2022-07-02","0"
"리처드 세라","2022-07-03","0"
"리처드 세라","2022-07-04","0"
"리처드 세라","2022-07-05","0"
"리처드 세라","2022-07-06","0"
"리처드 세라","2022-07-07","10"
"리처드 세라","2022-07-08","0"
"리처드 세라","2022-07-09","0"
"리처드 세라","2022-07-10","20"
"리처드 세라","2022-07-11","10"
"리처드 세라","2022-07-12","0"
"리처드 세라","2022-07-13","0"
"리처드 세라","2022-07-14","0"
"리처드 세라","2022-07-15","10"
"리처드 세라","2022-07-16","0"
"리처드 세라","2022-07-17","0"
"리처드 세라","2022-07-18","20"
"리처드 세라","2022-07-19","0"
"리처드 세라","2022-07-20","0"
"리처드 세라","2022-07-21","0"
"리처드 세라","2022-07-22","0"
"리처드 세라","2022-07-23","10"
"리처드 세라","2022-07-24","0"
"리처드 세라","2022-07-25","10"
"리처드 세라","2022-07-26","20"
"리처드 세라","2022-07-27","10"
"리처드 세라","2022-07-28","0"
"리처드 세라","2022-07-29","0"
"리처드 세라","2022-07-30","0"
"리처드 세라","2022-07-31","0"
"리처드 세라","2022-08-01","0"
"리처드 세라","2022-08-02","0"
"리처드 세라","2022-08-03","10"
"리처드 세라","2022-08-04","0"
"리처드 세라","2022-08-05","10"
"리처드 세라","2022-08-06","10"
"리처드 세라","2022-08-07","10"
"리처드 세라","2022-08-08","0"
"리처드 세라","2022-08-09","20"
"리처드 세라","2022-08-10","20"
"리처드 세라","2022-08-11","10"
"리처드 세라","2022-08-12","20"
"리처드 세라","2022-08-13","10"
"리처드 세라","2022-08-14","0"
"리처드 세라","2022-08-15","10"
"리처드 세라","2022-08-16","0"
"리처드 세라","2022-08-17","0"
"리처드 세라","2022-08-18","10"
"리처드 세라","2022-08-19","10"
"리처드 세라","2022-08-20","0"
"리처드 세라","2022-08-21","10"
"리처드 세라","2022-08-22","10"
"리처드 세라","2022-08-23","0"
"리처드 세라","2022-08-24","30"
"리처드 세라","2022-08-25","10"
"리처드 세라","2022-08-26","10"
"리처드 세라","2022-08-27","0"
"리처드 세라","2022-08-28","10"
"리처드 세라","2022-08-29","10"
"리처드 세라","2022-08-30","20"
"리처드 세라","2022-08-31","10"
"리처드 세라","2022-09-01","10"
"리처드 세라","2022-09-02","20"
"리처드 세라","2022-09-03","30"
"리처드 세라","2022-09-04","30"
"리처드 세라","2022-09-05","40"
"리처드 세라","2022-09-06","30"
"리처드 세라","2022-09-07","30"
"리처드 세라","2022-09-08","20"
"리처드 세라","2022-09-09","10"
"리처드 세라","2022-09-10","0"
"리처드 세라","2022-09-11","10"
"리처드 세라","2022-09-12","0"
"리처드 세라","2022-09-13","10"
"리처드 세라","2022-09-14","30"
"리처드 세라","2022-09-15","10"
"리처드 세라","2022-09-16","10"
"리처드 세라","2022-09-17","0"
"리처드 세라","2022-09-18","10"
"리처드 세라","2022-09-19","20"
"리처드 세라","2022-09-20","20"
"리처드 세라","2022-09-21","10"
"리처드 세라","2022-09-22","20"
"리처드 세라","2022-09-23","0"
"리처드 세라","2022-09-24","0"
"리처드 세라","2022-09-25","0"
"리처드 세라","2022-09-26","0"
"리처드 세라","2022-09-27","10"
"리처드 세라","2022-09-28","20"
"리처드 세라","2022-09-29","30"
"리처드 세라","2022-09-30","0"
"리처드 세라","2022-10-01","0"
"리처드 세라","2022-10-02","0"
"리처드 세라","2022-10-03","20"
"리처드 세라","2022-10-04","30"
"리처드 세라","2022-10-05","10"
"리처드 세라","2022-10-06","10"
"리처드 세라","2022-10-07","10"
"리처드 세라","2022-10-08","0"
"리처드 세라","2022-10-09","0"
"리처드 세라","2022-10-10","10"
"리처드 세라","2022-10-11","20"
"리처드 세라","2022-10-12","20"
"리처드 세라","2022-10-13","0"
"리처드 세라","2022-10-14","20"
"리처드 세라","2022-10-15","20"
"리처드 세라","2022-10-16","20"
"리처드 세라","2022-10-17","20"
"리처드 세라","2022-10-18","10"
"리처드 세라","2022-10-19","10"
"리처드 세라","2022-10-20","10"
"리처드 세라","2022-10-21","0"
"리처드 세라","2022-10-22","0"
"리처드 세라","2022-10-23","0"
"리처드 세라","2022-10-24","30"
"리처드 세라","2022-10-25","10"
"리처드 세라","2022-10-26","10"
"리처드 세라","2022-10-27","10"
"리처드 세라","2022-10-28","0"
"리처드 세라","2022-10-29","10"
"리처드 세라","2022-10-30","0"
"리처드 세라","2022-10-31","20"
"리처드 세라","2022-11-01","10"
"리처드 세라","2022-11-02","10"
"리처드 세라","2022-11-03","20"
"리처드 세라","2022-11-04","10"
"리처드 세라","2022-11-05","0"
"리처드 세라","2022-11-06","10"
"리처드 세라","2022-11-07","20"
"리처드 세라","2022-11-08","50"
"리처드 세라","2022-11-09","30"
"리처드 세라","2022-11-10","20"
"리처드 세라","2022-11-11","20"
"리처드 세라","2022-11-12","10"
"리처드 세라","2022-11-13","10"
"리처드 세라","2022-11-14","20"
"리처드 세라","2022-11-15","10"
"리처드 세라","2022-11-16","10"
"리처드 세라","2022-11-17","20"
"리처드 세라","2022-11-18","10"
"리처드 세라","2022-11-19","10"
"리처드 세라","2022-11-20","10"
"리처드 세라","2022-11-21","10"
"리처드 세라","2022-11-22","20"
"리처드 세라","2022-11-23","30"
"리처드 세라","2022-11-24","30"
"리처드 세라","2022-11-25","20"
"리처드 세라","2022-11-26","20"
"리처드 세라","2022-11-27","20"
"리처드 세라","2022-11-28","30"
"리처드 세라","2022-11-29","10"
"리처드 세라","2022-11-30","20"
"리처드 세라","2022-12-01","10"
"리처드 세라","2022-12-02","20"
"리처드 세라","2022-12-03","10"
"리처드 세라","2022-12-04","10"
"리처드 세라","2022-12-05","0"
"리처드 세라","2022-12-06","0"
"리처드 세라","2022-12-07","20"
"리처드 세라","2022-12-08","0"
"리처드 세라","2022-12-09","20"
"리처드 세라","2022-12-10","10"
"리처드 세라","2022-12-11","20"
"리처드 세라","2022-12-12","20"
"리처드 세라","2022-12-13","10"
"리처드 세라","2022-12-14","20"
"리처드 세라","2022-12-15","20"
"리처드 세라","2022-12-16","10"
"리처드 세라","2022-12-17","0"
"리처드 세라","2022-12-18","10"
"리처드 세라","2022-12-19","20"
"리처드 세라","2022-12-20","10"
"리처드 세라","2022-12-21","0"
"리처드 세라","2022-12-22","10"
"리처드 세라","2022-12-23","0"
"리처드 세라","2022-12-24","0"
"리처드 세라","2022-12-25","0"
"리처드 세라","2022-12-26","0"
"리처드 세라","2022-12-27","10"
"리처드 세라","2022-12-28","10"
"리처드 세라","2022-12-29","0"
"리처드 세라","2022-12-30","0"
"리처드 세라","2022-12-31","0"
"리처드 세라","2023-01-01","0"
"리처드 세라","2023-01-02","0"
"리처드 세라","2023-01-03","0"
"리처드 세라","2023-01-04","20"
"리처드 세라","2023-01-05","0"
"리처드 세라","2023-01-06","10"
"리처드 세라","2023-01-07","0"
"리처드 세라","2023-01-08","0"
"리처드 세라","2023-01-09","0"
"리처드 세라","2023-01-10","0"
"리처드 세라","2023-01-11","10"
"리처드 세라","2023-01-12","0"
"리처드 세라","2023-01-13","0"
"리처드 세라","2023-01-14","10"
"리처드 세라","2023-01-15","10"
"리처드 세라","2023-01-16","0"
"리처드 세라","2023-01-17","10"
"리처드 세라","2023-01-18","10"
"리처드 세라","2023-01-19","10"
"리처드 세라","2023-01-20","0"
"리처드 세라","2023-01-21","0"
"리처드 세라","2023-01-22","0"
"리처드 세라","2023-01-23","0"
"리처드 세라","2023-01-24","0"
"리처드 세라","2023-01-25","10"
"리처드 세라","2023-01-26","10"
"리처드 세라","2023-01-27","10"
"리처드 세라","2023-01-28","0"
"리처드 세라","2023-01-29","0"
"리처드 세라","2023-01-30","0"
"리처드 세라","2023-01-31","10"
"리처드 세라","2023-02-01","10"
"리처드 세라","2023-02-02","0"
"리처드 세라","2023-02-03","0"
"리처드 세라","2023-02-04","20"
"리처드 세라","2023-02-05","0"
"리처드 세라","2023-02-06","10"
"리처드 세라","2023-02-07","20"
"리처드 세라","2023-02-08","0"
"리처드 세라","2023-02-09","0"
"리처드 세라","2023-02-10","0"
"리처드 세라","2023-02-11","0"
"리처드 세라","2023-02-12","20"
"리처드 세라","2023-02-13","10"
"리처드 세라","2023-02-14","0"
"리처드 세라","2023-02-15","10"
"리처드 세라","2023-02-16","0"
"리처드 세라","2023-02-17","0"
"리처드 세라","2023-02-18","10"
"리처드 세라","2023-02-19","10"
"리처드 세라","2023-02-20","0"
"리처드 세라","2023-02-21","0"
"리처드 세라","2023-02-22","10"
"리처드 세라","2023-02-23","0"
"리처드 세라","2023-02-24","0"
"리처드 세라","2023-02-25","0"
"리처드 세라","2023-02-26","10"
"리처드 세라","2023-02-27","0"
"리처드 세라","2023-02-28","20"
"리처드 세라","2023-03-01","10"
"리처드 세라","2023-03-02","0"
"리처드 세라","2023-03-03","10"
"리처드 세라","2023-03-04","10"
"리처드 세라","2023-03-05","20"
"리처드 세라","2023-03-06","10"
"리처드 세라","2023-03-07","20"
"리처드 세라","2023-03-08","0"
"리처드 세라","2023-03-09","30"
"리처드 세라","2023-03-10","20"
"리처드 세라","2023-03-11","0"
"리처드 세라","2023-03-12","10"
"리처드 세라","2023-03-13","10"
"리처드 세라","2023-03-14","20"
"리처드 세라","2023-03-15","30"
"리처드 세라","2023-03-16","20"
"리처드 세라","2023-03-17","10"
"리처드 세라","2023-03-18","10"
"리처드 세라","2023-03-19","0"
"리처드 세라","2023-03-20","20"
"리처드 세라","2023-03-21","20"
"리처드 세라","2023-03-22","20"
"리처드 세라","2023-03-23","10"
"리처드 세라","2023-03-24","10"
"리처드 세라","2023-03-25","10"
"리처드 세라","2023-03-26","20"
"리처드 세라","2023-03-27","30"
"리처드 세라","2023-03-28","30"
"리처드 세라","2023-03-29","10"
"리처드 세라","2023-03-30","10"
"리처드 세라","2023-03-31","0"
"리처드 세라","2023-04-01","10"
"리처드 세라","2023-04-02","20"
"리처드 세라","2023-04-03","10"
"리처드 세라","2023-04-04","20"
"리처드 세라","2023-04-05","10"
"리처드 세라","2023-04-06","30"
"리처드 세라","2023-04-07","0"
"리처드 세라","2023-04-08","20"
"리처드 세라","2023-04-09","20"
"리처드 세라","2023-04-10","30"
"리처드 세라","2023-04-11","30"
"리처드 세라","2023-04-12","30"
"리처드 세라","2023-04-13","20"
"리처드 세라","2023-04-14","10"
"리처드 세라","2023-04-15","0"
"리처드 세라","2023-04-16","10"
"리처드 세라","2023-04-17","10"
"리처드 세라","2023-04-18","20"
"리처드 세라","2023-04-19","20"
"리처드 세라","2023-04-20","10"
"리처드 세라","2023-04-21","10"
"리처드 세라","2023-04-22","10"
"리처드 세라","2023-04-23","20"
"리처드 세라","2023-04-24","30"
"리처드 세라","2023-04-25","40"
"리처드 세라","2023-04-26","20"
"리처드 세라","2023-04-27","0"
"리처드 세라","2023-04-28","10"
"리처드 세라","2023-04-29","10"
"리처드 세라","2023-04-30","0"
"리처드 세라","2023-05-01","20"
"리처드 세라","2023-05-02","0"
"리처드 세라","2023-05-03","30"
"리처드 세라","2023-05-04","20"
"리처드 세라","2023-05-05","0"
"리처드 세라","2023-05-06","0"
"리처드 세라","2023-05-07","20"
"리처드 세라","2023-05-08","20"
"리처드 세라","2023-05-09","20"
"리처드 세라","2023-05-10","10"
"리처드 세라","2023-05-11","10"
"리처드 세라","2023-05-12","10"
"리처드 세라","2023-05-13","0"
"리처드 세라","2023-05-14","30"
"리처드 세라","2023-05-15","30"
"리처드 세라","2023-05-16","20"
"리처드 세라","2023-05-17","30"
"리처드 세라","2023-05-18","20"
"리처드 세라","2023-05-19","10"
"리처드 세라","2023-05-20","10"
"리처드 세라","2023-05-21","0"
"리처드 세라","2023-05-22","20"
"리처드 세라","2023-05-23","30"
"리처드 세라","2023-05-24","20"
"리처드 세라","2023-05-25","20"
"리처드 세라","2023-05-26","10"
"리처드 세라","2023-05-27","20"
"리처드 세라","2023-05-28","30"
"리처드 세라","2023-05-29","80"
"리처드 세라","2023-05-30","50"
"리처드 세라","2023-05-31","40"
"리처드 세라","2023-06-01","20"
"리처드 세라","2023-06-02","30"
"리처드 세라","2023-06-03","30"
"리처드 세라","2023-06-04","50"
"리처드 세라","2023-06-05","40"
"리처드 세라","2023-06-06","20"
"리처드 세라","2023-06-07","0"
"리처드 세라","2023-06-08","30"
"리처드 세라","2023-06-09","10"
"리처드 세라","2023-06-10","0"
"리처드 세라","2023-06-11","10"
"리처드 세라","2023-06-12","20"
"리처드 세라","2023-06-13","20"
"리처드 세라","2023-06-14","10"
"리처드 세라","2023-06-15","30"
"리처드 세라","2023-06-16","20"
"리처드 세라","2023-06-17","10"
"리처드 세라","2023-06-18","10"
"리처드 세라","2023-06-19","30"
"리처드 세라","2023-06-20","20"
"리처드 세라","2023-06-21","20"
"리처드 세라","2023-06-22","20"
"리처드 세라","2023-06-23","10"
"리처드 세라","2023-06-24","10"
"리처드 세라","2023-06-25","0"
"리처드 세라","2023-06-26","0"
"리처드 세라","2023-06-27","0"
"리처드 세라","2023-06-28","10"
"리처드 세라","2023-06-29","0"
"리처드 세라","2023-06-30","0"
"리처드 세라","2023-07-01","0"
"리처드 세라","2023-07-02","0"
"리처드 세라","2023-07-03","10"
"리처드 세라","2023-07-04","0"
"리처드 세라","2023-07-05","10"
"리처드 세라","2023-07-06","10"
"리처드 세라","2023-07-07","20"
"리처드 세라","2023-07-08","0"
"리처드 세라","2023-07-09","0"
"리처드 세라","2023-07-10","10"
"리처드 세라","2023-07-11","20"
"리처드 세라","2023-07-12","10"
"리처드 세라","2023-07-13","10"
"리처드 세라","2023-07-14","0"
"리처드 세라","2023-07-15","10"
"리처드 세라","2023-07-16","0"
"리처드 세라","2023-07-17","0"
"리처드 세라","2023-07-18","0"
"리처드 세라","2023-07-19","0"
"리처드 세라","2023-07-20","10"
"리처드 세라","2023-07-21","10"
"리처드 세라","2023-07-22","0"
"리처드 세라","2023-07-23","10"
"리처드 세라","2023-07-24","0"
"리처드 세라","2023-07-25","10"
"리처드 세라","2023-07-26","0"
"리처드 세라","2023-07-27","10"
"리처드 세라","2023-07-28","0"
"리처드 세라","2023-07-29","0"
"리처드 세라","2023-07-30","0"
"리처드 세라","2023-07-31","10"
"리처드 세라","2023-08-01","0"
"리처드 세라","2023-08-02","0"
"리처드 세라","2023-08-03","0"
"리처드 세라","2023-08-04","0"
"리처드 세라","2023-08-05","10"
"리처드 세라","2023-08-06","0"
"리처드 세라","2023-08-07","20"
"리처드 세라","2023-08-08","0"
"리처드 세라","2023-08-09","0"
"리처드 세라","2023-08-10","10"
"리처드 세라","2023-08-11","0"
"리처드 세라","2023-08-12","0"
"리처드 세라","2023-08-13","0"
"리처드 세라","2023-08-14","0"
"리처드 세라","2023-08-15","10"
"리처드 세라","2023-08-16","10"
"리처드 세라","2023-08-17","10"
"리처드 세라","2023-08-18","0"
"리처드 세라","2023-08-19","10"
"리처드 세라","2023-08-20","10"
"리처드 세라","2023-08-21","10"
"리처드 세라","2023-08-22","0"
"리처드 세라","2023-08-23","0"
"리처드 세라","2023-08-24","0"
"리처드 세라","2023-08-25","0"
"리처드 세라","2023-08-26","0"
"리처드 세라","2023-08-27","10"
"리처드 세라","2023-08-28","0"
"리처드 세라","2023-08-29","0"
"리처드 세라","2023-08-30","10"
"리처드 세라","2023-08-31","20"
"리처드 세라","2023-09-01","0"
"리처드 세라","2023-09-02","0"
"리처드 세라","2023-09-03","20"
"리처드 세라","2023-09-04","40"
"리처드 세라","2023-09-05","30"
"리처드 세라","2023-09-06","20"
"리처드 세라","2023-09-07","30"
"리처드 세라","2023-09-08","30"
"리처드 세라","2023-09-09","20"
"리처드 세라","2023-09-10","20"
"리처드 세라","2023-09-11","30"
"리처드 세라","2023-09-12","20"
"리처드 세라","2023-09-13","30"
"리처드 세라","2023-09-14","20"
"리처드 세라","2023-09-15","20"
"리처드 세라","2023-09-16","0"
"리처드 세라","2023-09-17","10"
"리처드 세라","2023-09-18","30"
"리처드 세라","2023-09-19","20"
"리처드 세라","2023-09-20","30"
"리처드 세라","2023-09-21","20"
"리처드 세라","2023-09-22","10"
"리처드 세라","2023-09-23","20"
"리처드 세라","2023-09-24","0"
"리처드 세라","2023-09-25","20"
"리처드 세라","2023-09-26","20"
"리처드 세라","2023-09-27","0"
"리처드 세라","2023-09-28","0"
"리처드 세라","2023-09-29","0"
"리처드 세라","2023-09-30","10"
"리처드 세라","2023-10-01","10"
"리처드 세라","2023-10-02","10"
"리처드 세라","2023-10-03","10"
"리처드 세라","2023-10-04","20"
"리처드 세라","2023-10-05","20"
"리처드 세라","2023-10-06","40"
"리처드 세라","2023-10-07","0"
"리처드 세라","2023-10-08","20"
"리처드 세라","2023-10-09","20"
"리처드 세라","2023-10-10","10"
"리처드 세라","2023-10-11","10"
"리처드 세라","2023-10-12","20"
"리처드 세라","2023-10-13","20"
"리처드 세라","2023-10-14","0"
"리처드 세라","2023-10-15","20"
"리처드 세라","2023-10-16","20"
"리처드 세라","2023-10-17","10"
"리처드 세라","2023-10-18","30"
"리처드 세라","2023-10-19","20"
"리처드 세라","2023-10-20","20"
"리처드 세라","2023-10-21","0"
"리처드 세라","2023-10-22","20"
"리처드 세라","2023-10-23","10"
"리처드 세라","2023-10-24","10"
"리처드 세라","2023-10-25","20"
"리처드 세라","2023-10-26","20"
"리처드 세라","2023-10-27","30"
"리처드 세라","2023-10-28","10"
"리처드 세라","2023-10-29","20"
"리처드 세라","2023-10-30","20"
"리처드 세라","2023-10-31","0"
"리처드 세라","2023-11-01","10"
"리처드 세라","2023-11-02","20"
"리처드 세라","2023-11-03","10"
"리처드 세라","2023-11-04","10"
"리처드 세라","2023-11-05","0"
"리처드 세라","2023-11-06","10"
"리처드 세라","2023-11-07","20"
"리처드 세라","2023-11-08","10"
"리처드 세라","2023-11-09","10"
"리처드 세라","2023-11-10","10"
"리처드 세라","2023-11-11","0"
"리처드 세라","2023-11-12","0"
"리처드 세라","2023-11-13","10"
"리처드 세라","2023-11-14","20"
"리처드 세라","2023-11-15","20"
"리처드 세라","2023-11-16","20"
"리처드 세라","2023-11-17","10"
"리처드 세라","2023-11-18","10"
"리처드 세라","2023-11-19","10"
"리처드 세라","2023-11-20","20"
"리처드 세라","2023-11-21","20"
"리처드 세라","2023-11-22","30"
"리처드 세라","2023-11-23","30"
"리처드 세라","2023-11-24","10"
"리처드 세라","2023-11-25","20"
"리처드 세라","2023-11-26","20"
"리처드 세라","2023-11-27","20"
"리처드 세라","2023-11-28","20"
"리처드 세라","2023-11-29","30"
"리처드 세라","2023-11-30","20"
"리처드 세라","2023-12-01","10"
"리처드 세라","2023-12-02","0"
"리처드 세라","2023-12-03","20"
"리처드 세라","2023-12-04","20"
"리처드 세라","2023-12-05","10"
"리처드 세라","2023-12-06","20"
"리처드 세라","2023-12-07","20"
"리처드 세라","2023-12-08","10"
"리처드 세라","2023-12-09","20"
"리처드 세라","2023-12-10","10"
"리처드 세라","2023-12-11","20"
"리처드 세라","2023-12-12","30"
"리처드 세라","2023-12-13","10"
"리처드 세라","2023-12-14","0"
"리처드 세라","2023-12-15","30"
"리처드 세라","2023-12-16","10"
"리처드 세라","2023-12-17","0"
"리처드 세라","2023-12-18","0"
"리처드 세라","2023-12-19","10"
"리처드 세라","2023-12-20","0"
"리처드 세라","2023-12-21","10"
"리처드 세라","2023-12-22","0"
"리처드 세라","2023-12-23","0"
"리처드 세라","2023-12-24","0"
"리처드 세라","2023-12-25","0"
"리처드 세라","2023-12-26","0"
"리처드 세라","2023-12-27","0"
"리처드 세라","2023-12-28","30"
"리처드 세라","2023-12-29","20"
"리처드 세라","2023-12-30","0"
"리처드 세라","2023-12-31","0"
"리처드 세라","2024-01-01","0"
"리처드 세라","2024-01-02","0"
"리처드 세라","2024-01-03","20"
"리처드 세라","2024-01-04","10"
"리처드 세라","2024-01-05","10"
"리처드 세라","2024-01-06","0"
"리처드 세라","2024-01-07","0"
"리처드 세라","2024-01-08","10"
"리처드 세라","2024-01-09","0"
"리처드 세라","2024-01-10","0"
"리처드 세라","2024-01-11","20"
"리처드 세라","2024-01-12","10"
"리처드 세라","2024-01-13","10"
"리처드 세라","2024-01-14","0"
"리처드 세라","2024-01-15","0"
"리처드 세라","2024-01-16","10"
"리처드 세라","2024-01-17","0"
"리처드 세라","2024-01-18","0"
"리처드 세라","2024-01-19","0"
"리처드 세라","2024-01-20","10"
"리처드 세라","2024-01-21","10"
"리처드 세라","2024-01-22","10"
"리처드 세라","2024-01-23","10"
"리처드 세라","2024-01-24","0"
"리처드 세라","2024-01-25","10"
"리처드 세라","2024-01-26","10"
"리처드 세라","2024-01-27","0"
"리처드 세라","2024-01-28","0"
"리처드 세라","2024-01-29","0"
"리처드 세라","2024-01-30","20"
"리처드 세라","2024-01-31","10"
"리처드 세라","2024-02-01","0"
"리처드 세라","2024-02-02","0"
"리처드 세라","2024-02-03","10"
"리처드 세라","2024-02-04","0"
"리처드 세라","2024-02-05","10"
"리처드 세라","2024-02-06","10"
"리처드 세라","2024-02-07","0"
"리처드 세라","2024-02-08","0"
"리처드 세라","2024-02-09","0"
"리처드 세라","2024-02-10","10"
"리처드 세라","2024-02-11","0"
"리처드 세라","2024-02-12","0"
"리처드 세라","2024-02-13","0"
"리처드 세라","2024-02-14","10"
"리처드 세라","2024-02-15","0"
"리처드 세라","2024-02-16","0"
"리처드 세라","2024-02-17","0"
"리처드 세라","2024-02-18","0"
"리처드 세라","2024-02-19","0"
"리처드 세라","2024-02-20","10"
"리처드 세라","2024-02-21","20"
"리처드 세라","2024-02-22","10"
"리처드 세라","2024-02-23","0"
"리처드 세라","2024-02-24","0"
"리처드 세라","2024-02-25","0"
"리처드 세라","2024-02-26","0"
"리처드 세라","2024-02-27","10"
"리처드 세라","2024-02-28","0"
"리처드 세라","2024-02-29","10"
"리처드 세라","2024-03-01","0"
"리처드 세라","2024-03-02","0"
"리처드 세라","2024-03-03","0"
"리처드 세라","2024-03-04","10"
"리처드 세라","2024-03-05","20"
"리처드 세라","2024-03-06","20"
"리처드 세라","2024-03-07","20"
"리처드 세라","2024-03-08","20"
"리처드 세라","2024-03-09","0"
"리처드 세라","2024-03-10","0"
"리처드 세라","2024-03-11","10"
"리처드 세라","2024-03-12","20"
"리처드 세라","2024-03-13","30"
"리처드 세라","2024-03-14","30"
"리처드 세라","2024-03-15","20"
"리처드 세라","2024-03-16","0"
"리처드 세라","2024-03-17","10"
"리처드 세라","2024-03-18","20"
"리처드 세라","2024-03-19","10"
"리처드 세라","2024-03-20","20"
"리처드 세라","2024-03-21","30"
"리처드 세라","2024-03-22","20"
"리처드 세라","2024-03-23","0"
"리처드 세라","2024-03-24","0"
"리처드 세라","2024-03-25","40"
"리처드 세라","2024-03-26","40"
"리처드 세라","2024-03-27","350"
"리처드 세라","2024-03-28","340"
"리처드 세라","2024-03-29","350"
"리처드 세라","2024-03-30","120"
"리처드 세라","2024-03-31","60"
"리처드 세라","2024-04-01","90"
"리처드 세라","2024-04-02","80"
"리처드 세라","2024-04-03","100"
"리처드 세라","2024-04-04","70"
"리처드 세라","2024-04-05","30"
"리처드 세라","2024-04-06","20"
"리처드 세라","2024-04-07","20"
"리처드 세라","2024-04-08","10"
"리처드 세라","2024-04-09","40"
"리처드 세라","2024-04-10","10"
"리처드 세라","2024-04-11","30"
"리처드 세라","2024-04-12","20"
"리처드 세라","2024-04-13","10"
"리처드 세라","2024-04-14","20"
"리처드 세라","2024-04-15","20"
"리처드 세라","2024-04-16","40"
"리처드 세라","2024-04-17","20"
"리처드 세라","2024-04-18","20"
"리처드 세라","2024-04-19","10"
"리처드 세라","2024-04-20","20"
"리처드 세라","2024-04-21","10"
"리처드 세라","2024-04-22","10"
"리처드 세라","2024-04-23","10"
"리처드 세라","2024-04-24","20"
"리처드 세라","2024-04-25","10"
"리처드 세라","2024-04-26","10"
"리처드 세라","2024-04-27","10"
"리처드 세라","2024-04-28","20"
"리처드 세라","2024-04-29","20"
"리처드 세라","2024-04-30","50"
"리처드 세라","2024-05-01","20"
"리처드 세라","2024-05-02","20"
"리처드 세라","2024-05-03","30"
"리처드 세라","2024-05-04","0"
"리처드 세라","2024-05-05","10"
"리처드 세라","2024-05-06","30"
"리처드 세라","2024-05-07","40"
"리처드 세라","2024-05-08","20"
"리처드 세라","2024-05-09","20"
"리처드 세라","2024-05-10","30"
"리처드 세라","2024-05-11","20"
"리처드 세라","2024-05-12","0"
"리처드 세라","2024-05-13","10"
"리처드 세라","2024-05-14","40"
"리처드 세라","2024-05-15","10"
"리처드 세라","2024-05-16","20"
"리처드 세라","2024-05-17","10"
"리처드 세라","2024-05-18","0"
"리처드 세라","2024-05-19","0"
"리처드 세라","2024-05-20","40"
"리처드 세라","2024-05-21","20"
"리처드 세라","2024-05-22","10"
"리처드 세라","2024-05-23","20"
"리처드 세라","2024-05-24","0"
"리처드 세라","2024-05-25","0"
"리처드 세라","2024-05-26","0"
"리처드 세라","2024-05-27","10"
"리처드 세라","2024-05-28","10"
"리처드 세라","2024-05-29","20"
"리처드 세라","2024-05-30","10"
"리처드 세라","2024-05-31","20"
"리처드 세라","2024-06-01","10"
"리처드 세라","2024-06-02","10"
"리처드 세라","2024-06-03","20"
"리처드 세라","2024-06-04","0"
"리처드 세라","2024-06-05","30"
"리처드 세라","2024-06-06","30"
"리처드 세라","2024-06-07","30"
"리처드 세라","2024-06-08","0"
"리처드 세라","2024-06-09","20"
"리처드 세라","2024-06-10","0"
"리처드 세라","2024-06-11","20"
"리처드 세라","2024-06-12","40"
"리처드 세라","2024-06-13","20"
"리처드 세라","2024-06-14","0"
"리처드 세라","2024-06-15","0"
"리처드 세라","2024-06-16","20"
"리처드 세라","2024-06-17","20"
"리처드 세라","2024-06-18","20"
"리처드 세라","2024-06-19","20"
"리처드 세라","2024-06-20","20"
"리처드 세라","2024-06-21","20"
"리처드 세라","2024-06-22","30"
"리처드 세라","2024-06-23","10"
"리처드 세라","2024-06-24","10"
"리처드 세라","2024-06-25","20"
"리처드 세라","2024-06-26","20"
"리처드 세라","2024-06-27","20"
"리처드 세라","2024-06-28","20"
"리처드 세라","2024-06-29","10"
"리처드 세라","2024-06-30","10"
"리처드 세라","2024-07-01","10"
"리처드 세라","2024-07-02","10"
"리처드 세라","2024-07-03","10"
"리처드 세라","2024-07-04","0"
"리처드 세라","2024-07-05","20"
"리처드 세라","2024-07-06","0"
"리처드 세라","2024-07-07","10"
"리처드 세라","2024-07-08","20"
"리처드 세라","2024-07-09","20"
"리처드 세라","2024-07-10","20"
"리처드 세라","2024-07-11","0"
"리처드 세라","2024-07-12","10"
"리처드 세라","2024-07-13","0"
"리처드 세라","2024-07-14","20"
"리처드 세라","2024-07-15","20"
"리처드 세라","2024-07-16","10"
"리처드 세라","2024-07-17","10"
"리처드 세라","2024-07-18","10"
"리처드 세라","2024-07-19","10"
"리처드 세라","2024-07-20","0"
"리처드 세라","2024-07-21","10"
"리처드 세라","2024-07-22","0"
"리처드 세라","2024-07-23","10"
"리처드 세라","2024-07-24","10"
"리처드 세라","2024-07-25","0"
"리처드 세라","2024-07-26","20"
"리처드 세라","2024-07-27","10"
"리처드 세라","2024-07-28","0"
"리처드 세라","2024-07-29","0"
"리처드 세라","2024-07-30","10"
"리처드 세라","2024-07-31","10"
"리처드 세라","2024-08-01","0"
"리처드 세라","2024-08-02","0"
"리처드 세라","2024-08-03","0"
"리처드 세라","2024-08-04","0"
"리처드 세라","2024-08-05","0"
"리처드 세라","2024-08-06","10"
"리처드 세라","2024-08-07","10"
"리처드 세라","2024-08-08","0"
"리처드 세라","2024-08-09","10"
"리처드 세라","2024-08-10","0"
"리처드 세라","2024-08-11","10"
"리처드 세라","2024-08-12","0"
"리처드 세라","2024-08-13","0"
"리처드 세라","2024-08-14","10"
"리처드 세라","2024-08-15","0"
"리처드 세라","2024-08-16","20"
"리처드 세라","2024-08-17","10"
"리처드 세라","2024-08-18","10"
"리처드 세라","2024-08-19","20"
"리처드 세라","2024-08-20","10"
"리처드 세라","2024-08-21","10"
"리처드 세라","2024-08-22","10"
"리처드 세라","2024-08-23","10"
"리처드 세라","2024-08-24","20"
"리처드 세라","2024-08-25","10"
"리처드 세라","2024-08-26","10"
"리처드 세라","2024-08-27","20"
"리처드 세라","2024-08-28","10"
"리처드 세라","2024-08-29","0"
"리처드 세라","2024-08-30","20"
"리처드 세라","2024-08-31","10"
"리처드 세라","2024-09-01","0"
"리처드 세라","2024-09-02","20"
"리처드 세라","2024-09-03","20"
"리처드 세라","2024-09-04","10"
"리처드 세라","2024-09-05","20"
"리처드 세라","2024-09-06","10"
"리처드 세라","2024-09-07","0"
"리처드 세라","2024-09-08","10"
"리처드 세라","2024-09-09","30"
"리처드 세라","2024-09-10","20"
"리처드 세라","2024-09-11","20"
"리처드 세라","2024-09-12","10"
"리처드 세라","2024-09-13","10"
"리처드 세라","2024-09-14","10"
"리처드 세라","2024-09-15","0"
"리처드 세라","2024-09-16","0"
"리처드 세라","2024-09-17","0"
"리처드 세라","2024-09-18","10"
"리처드 세라","2024-09-19","20"
"리처드 세라","2024-09-20","20"
"리처드 세라","2024-09-21","10"
"리처드 세라","2024-09-22","0"
"리처드 세라","2024-09-23","30"
"리처드 세라","2024-09-24","20"
"리처드 세라","2024-09-25","20"
"리처드 세라","2024-09-26","20"
"리처드 세라","2024-09-27","20"
"리처드 세라","2024-09-28","20"
"리처드 세라","2024-09-29","10"
"리처드 세라","2024-09-30","30"
"리처드 세라","2024-10-01","20"
"리처드 세라","2024-10-02","30"
"리처드 세라","2024-10-03","20"
"리처드 세라","2024-10-04","20"
"리처드 세라","2024-10-05","0"
"리처드 세라","2024-10-06","20"
"리처드 세라","2024-10-07","20"
"리처드 세라","2024-10-08","10"
"리처드 세라","2024-10-09","20"
"리처드 세라","2024-10-10","10"
"리처드 세라","2024-10-11","20"
"리처드 세라","2024-10-12","0"
"리처드 세라","2024-10-13","20"
"리처드 세라","2024-10-14","30"
"리처드 세라","2024-10-15","0"
"리처드 세라","2024-10-16","20"
"리처드 세라","2024-10-17","20"
"리처드 세라","2024-10-18","20"
"리처드 세라","2024-10-19","10"
"리처드 세라","2024-10-20","20"
"리처드 세라","2024-10-21","30"
"리처드 세라","2024-10-22","10"
"리처드 세라","2024-10-23","50"
"리처드 세라","2024-10-24","10"
"리처드 세라","2024-10-25","20"
"리처드 세라","2024-10-26","10"
"리처드 세라","2024-10-27","10"
"리처드 세라","2024-10-28","20"
"리처드 세라","2024-10-29","20"
"리처드 세라","2024-10-30","20"
"리처드 세라","2024-10-31","10"
"리처드 세라","2024-11-01","10"
"리처드 세라","2024-11-02","0"
"리처드 세라","2024-11-03","10"
"리처드 세라","2024-11-04","20"
"리처드 세라","2024-11-05","30"
"리처드 세라","2024-11-06","10"
"리처드 세라","2024-11-07","10"
"리처드 세라","2024-11-08","10"
"리처드 세라","2024-11-09","10"
"리처드 세라","2024-11-10","10"
"리처드 세라","2024-11-11","40"
"리처드 세라","2024-11-12","40"
"리처드 세라","2024-11-13","20"
"리처드 세라","2024-11-14","20"
"리처드 세라","2024-11-15","30"
"리처드 세라","2024-11-16","0"
"리처드 세라","2024-11-17","0"
"리처드 세라","2024-11-18","40"
"리처드 세라","2024-11-19","30"
"리처드 세라","2024-11-20","10"
"리처드 세라","2024-11-21","40"
"리처드 세라","2024-11-22","10"
"리처드 세라","2024-11-23","10"
"리처드 세라","2024-11-24","20"
"리처드 세라","2024-11-25","20"
"리처드 세라","2024-11-26","20"
"리처드 세라","2024-11-27","20"
"리처드 세라","2024-11-28","20"
"리처드 세라","2024-11-29","20"
"리처드 세라","2024-11-30","10"
"리처드 세라","2024-12-01","0"
"리처드 세라","2024-12-02","20"
"리처드 세라","2024-12-03","20"
"리처드 세라","2024-12-04","0"
"리처드 세라","2024-12-05","0"
"리처드 세라","2024-12-06","20"
"리처드 세라","2024-12-07","10"
"리처드 세라","2024-12-08","30"
"리처드 세라","2024-12-09","20"
"리처드 세라","2024-12-10","20"
"리처드 세라","2024-12-11","30"
"리처드 세라","2024-12-12","20"
"리처드 세라","2024-12-13","20"
"리처드 세라","2024-12-14","10"
"리처드 세라","2024-12-15","0"
"리처드 세라","2024-12-16","30"
"리처드 세라","2024-12-17","10"
"리처드 세라","2024-12-18","20"
"리처드 세라","2024-12-19","30"
"리처드 세라","2024-12-20","0"
"리처드 세라","2024-12-21","0"
"리처드 세라","2024-12-22","0"
"리처드 세라","2024-12-23","0"
"리처드 세라","2024-12-24","0"
"리처드 세라","2024-12-25","10"
"리처드 세라","2024-12-26","0"
"리처드 세라","2024-12-27","20"
"리처드 세라","2024-12-28","10"
"리처드 세라","2024-12-29","10"
"리처드 세라","2024-12-30","20"
"리처드 세라","2024-12-31","10"
"리처드 세라","2025-01-01","10"
"리처드 세라","2025-01-02","0"
"리처드 세라","2025-01-03","0"
"리처드 세라","2025-01-04","10"
"리처드 세라","2025-01-05","10"
"리처드 세라","2025-01-06","0"
"리처드 세라","2025-01-07","10"
"리처드 세라","2025-01-08","20"
"리처드 세라","2025-01-09","20"
"리처드 세라","2025-01-10","0"
"리처드 세라","2025-01-11","20"
"리처드 세라","2025-01-12","20"
"리처드 세라","2025-01-13","10"
"리처드 세라","2025-01-14","10"
"리처드 세라","2025-01-15","0"
"리처드 세라","2025-01-16","20"
"리처드 세라","2025-01-17","0"
"리처드 세라","2025-01-18","20"
"리처드 세라","2025-01-19","10"
"리처드 세라","2025-01-20","20"
"리처드 세라","2025-01-21","0"
"리처드 세라","2025-01-22","10"
"리처드 세라","2025-01-23","10"